name,screen_name,followers_count,friends_count
shrikant paygavhane,patilshrikant,121,155
Rohit Singh,Shid2288,18,111
Amit ranjan,Amitran79430576,1,36
Mihir patel,Mihir19Patel,113,596
RISHIRAJ DHAMI,RISHIRAJDHAMI,3,61
Raman Bansal,RamanBa28666910,10,66
Amol Ratan Shinde,AmolRatanShind1,66,893
Social Media IT Cell,SMO_ITCell,65026,59582
Himanshu,himanshu6444,52,2605
Thakur Saab,ThakurS45031651,1173,4984
Jagadeesha,Jagadee44679732,14,608
Dr.Nitin bibavepatil,nitinbibave,1,40
UMESH BALAR,Balarumesh96,8,151
VISHAL V KURDEKAR,VISHALVK1995,43,1305
Dinesh kumar swami,Dineshkumarswa8,0,48
Ogulcan Karaibrahim,ogulcnkaraibrhm,352,398
Nijanthan Mani,nstartheking,186,564
Prashant T Junghare,jungharept,13,289
raghupathi sundaram,sunpathi,2,68
Vinothraj,Vinothraj999,58,378
Tarun Radadiya,RadadiyaTarun,44,221
Keerthivasan,Keerthivn,20,524
s.,asasdass,168,339
Akshay Mishra,AkshayMishra190,35,921
srivalli,srivalli112,3,177
Niranjan Kumar,nir_kr,8,18
Jeevan Deshpande,JeevanDeshpand7,27,692
ROSHAN MEHTA,roshanmehta155,20,40
ninad.sarfare@gmail.,ninad_sarfare,8,97
Sikander Bhatia,siikander,66,1185
pravin S Joshi,pravin_joshi123,16,77
Mukesh Parmar,mukesh1680,76,176
richa pradhan,pradhan_rich,13,171
Anand Jeeva,AnandJeeva12,94,2264
Srinidhi Rao,SrinidhiRao8,69,1305
Sakshi Dubey,isakshidubey,6,403
Sanjay,Sanjay80090866,16,99
Razin Neoupanay,RazinNeoupanay,4,149
Deepak D Nichal,deepak_nichal,13,128
CABharat Mandhiyani@,mandhiyani,78,168
Rajesh Vishnupurikar,RVishnupurikar,6,15
ReadtoLead001,ReadtoLead001,498,2321
dhananjayan,bmwdjayan,14,171
World HRD Congress,WHRDC25,378,342
Ajay Sharma,AjaySha89866310,193,1109
Gitesh Mahajan,Gitesh_Mahajan,28,42
Amit Aarya,amitaarya_LLB,86,1199
MohanSeenuvasan,gyanammohan,194,419
Chengalvarayan,Chengalkn,44,67
Vijay Jha,vijayjha01,14,219
Mahendra Singh,MahendraMarc,4,77
priyank parikh,parikh_priyank_,1,27
Hardik Baldaniya,hardikbaldaniy2,178,1466
S.R.K.Varma Gadiraju,GsrkV,41,745
scooter wala,PrateekDogra,81,401
Selvaraj,psselva,66,740
Madhu Mohan Reddy,dmmreddy239,9,80
Ashok Kumar,AshokKu19826918,3,31
Ratan Chand Bandi,ChandBandi,0,125
Vie Capital,vie_capital,128,1046
Alien!!,vikasethi,168,1617
Rajesh Bhaseen,bhaseen_rajesh,8,107
Vijay,Vijay25038833,2,82
shardulsanglikar@gma,shardulsanglik1,0,299
Arvind Reddy,instantarvind,4,1580
Jan,Jan24450696,51,869
krishna kumar sharma,kk_sharma_1507,9,15
Vijay Mishra,vijaymishraacs,89,557
Mehul Gupta,Gupta004Mehul,64,96
Aparna Gupta,guptaaparna,581,234
Manish Gupta,ManishkGi,2,73
Shubham patil,Shubham2650,89,2793
Faiyaz Nadaf,FaiyazAttarwale,18,584
अमित शुक्ल 🇮🇳,NaMo_SARKAAR,875,647
Shuklaavivek🇮🇳,Shuklatikoo,468,3935
VNA,VnaAbhSha,69,800
Jaydipsinh Rathod,JCRathod1994,90,384
Manan Gandhi,MannGandhi,49,97
Rushiraj Mayavanshi,RushiMayavanshi,8,61
தோத்தாங்கோலி,thothaangoli,58,145
Ajeet Kumar Singh,ajeet1008,70,823
Gaurav Pathak,gauravpthk,16,142
Varah Shiv,varahshiv,23,662
Saurabh Mohite,Saurabh96644296,7,78
Farzan,ffarzang,31,445
Arun,Arun46371847,2,90
Dr Saravanan N,NSARAAaG,4,18
MITHILESH KUMAR,mithilesh151082,7,65
Abhinav Khare,Abhinavkhare84,0,51
Santanu Kundu,Santanu700056,5,28
Dhruv Saxena,dhroko,8,76
Vishal Gupta,Printingtalks,256,1325
Jackie Jacks Kahar,jackie_kahar,57,460
Sujit B. Sathe,sujit720,75,804
Vineet Thakar,vineetthakar,2,42
Puneet Bhasin,bhasinpuneet85,31,834
Andy Iyengar,andy_iyeng,263,4984
Bhawar Lal Tak,BhawarTak,5,4
Santhosh V,Santhosh_VKumar,14,28
pathik chandarana,Pathikmantra,21,16
Prasad Narulkar,prasad84,5009,930
jitesh Gathani,GathaniJitesh,92,306
Anshu Pratap Singh,anshupsingh,46,103
Shailesh Sonare,ShaileshSonare1,4,74
Chandrakant surale,CSurale,8,106
Ayush Sinha,sinhaayush834,3,103
TheoneHiteshShirsate,HShirsate,22,187
shivam,shivamc80230095,16,286
akshay deodhar,Chunkathumpa,826,836
Dewanand Dwivedi,ddwivedi76,0,27
Ravi Singh,RaviSin51251237,7,41
ASWINSRIRAM,ASWINSRIRAM,25,216
Shiv,shivnarayanan,63,440
karan dwivedi,dwivedikaran13,27,37
Seraj Lopes,serajlopes,63,210
Saurab Kumar,SaurabKmr,29,34
Anushka Choudhary,AnuChoudharyy,166170,38298
Atul Singh,AtulSin50872759,8,177
Pankaj Yadav,PankajYadav2469,8,197
Girish Mali,cool_1295,31,657
Amit Jai,amikjai,11,59
ISMAIL TAMBOLI,ISMAILTAMBOLI4,7,136
shivendu sharma,sharma_shivendu,66,95
Ashutosh Tripathi,ashut2707,99,208
pankaj chowdhury,headlesspoet,16,182
Chandra Sekar R,chandoo276,27,142
Arpit Pandey,arpitmech28,6,20
Ashutosh Dash,dash_ashutosh,105,410
Pravin H Kulkarni,PravinPhk,12,30
Kunwar Partap Singh,KunwarThukral,8,118
Yogesh K,yougeshaa,23,160
Ankur Mukherjee,AnkurMukherje11,2,10
Dr. Sudhir Gupte,DrSudhirGupte1,12,8
Vijay Kakad,vijaykakad,96,162
Dr. Suraj Dubey,drsurajcures,75,67
Satish Mhatre,satishbm86,6,80
Dinesh Arya,DineshA72678774,0,125
BASAVARAJ N HALLI,HALLIBASAVARAJ,20,69
Amit Pandey,Amit250290,20,34
Harsh Tulsyan,HarshTulsyan_,15,223
Team Srini,srini2ux,248,1223
Man-Max,manmeettweeting,34,155
elan,elangk,633,1730
Joydeep Ganguly,joydeepg9,1652,1353
Raju Mudhupog,RajuMudhupog,1,180
Anshul Mathur,anshulamity,107,285
sudhir kondapalli,yesskondapalli,3,599
Manisha Kaushik,nimmi_21,11,52
NK bajgire38🇮🇳🌍🔮,bajgirenamdev,377,4999
SUNIL AGGARWAL,SUNILAG11559329,64,462
Rajendra Daga,daga_rajendra,47,980
Shedrack saidu bello,ShedrackSaidu,346,1818
Sundar,reachsundar,248,122
Mithun Dolui,mithundolui,22,279
Sambit Singh,SambitSingh88,6,146
GetTheDrift,get_drift,27,421
Karan Jaitley,karanjaitley,181,161
Hudson George,hudsthomas,273,612
Jeetendra Kumar Jain,Jeetend30255595,25,558
Pavan Sharma,am_pavansharma,29,310
Yiğit Kosova,yigitkosova,64,105
mahant sudhirdas,mahantpt03,654,4263
johnakhil000,johnakhil1,27,738
Gulshan Sharma,Gulshan76259394,4,211
Bishnu behera,Bishnubehera1,1,88
Nirpender Singh,NirpenderSingh5,9,45
Biju Haneef,haneef_biju,0,6
Neeraj Kanitkar,neerajkanitkar,218,1892
Om Patel,OmPatel48922361,6,87
Chhayank Hirapara,chhayankhirpara,56,1071
Mudita Mithel,MuditaMithel,172,373
AxlesTracksEquipment,AxlesTrackEquip,23,102
Kartik Kalal,KartikKalal13,16,392
RachelChitraTOI,RachelChitraTOI,339,1174
Kamlesh Singh Rana,ksr4187,40,40
Yogesh M. Nagpal,yogeshnagpal,219,506
Arun jadhav,arunjadhav77,28,193
Rajeev Lochan,rajeev_lochan1,8,16
Prem Shah,PremSha16567777,11,653
PRAVEEN SUNKARA,PRAVEENSUNK,0,77
ruchi goyal,ruchigo99086019,1092,2793
Nikhil Pandey,NikhilP18186617,74,286
Aditya Singh,AdityaS31164153,22,2409
Krish Iyer,iyerkrish,1584,503
Prashant Gautam,Prashan26390837,6,95
Nikhil Kumar,nikhil_2791,12,41
Uday Nanda,uday_nanda,330,561
Mohit Tandon,tandonmohit79,295,1354
Ravishankar mantha,RSMAgri,502,378
Sai Santhosh,chvnss_sai,58,697
Dhyan Pratap Singh,dhyan_pratap,10,70
Rahul Shukla,rahulshukla88,52,712
Purvaja Modak,PurvajaM,103,878
Nitin Bhopale,NitinBhopale,1,6
Anil Dubey,AnilDub45808201,77,470
Anuj Parekh,AnujParekh91,11,111
Abdul Syed,hiabdulsyed,17,141
forever😔alone,lonelynicks,164,1797
RAJNISH GOSWAMI,iamrahul_____,7,54
Kovil Nimje,NimjeKovil,32,124
Karuna,karunanayak,109,274
Himal Tewari,himaltewari,63,222
Hardeep Singh,Aviator_hardeep,704,1911
OCALA TRACTOR 352-732-8585,OCALATRACTOR,143,277
Suhrid Barua,ProsJunoon,694,60
Pratyush,Pratyus61253304,0,25
Pratik Rakshit,PratikR2811,445,1503
Arvind Mistry,ArvindMistry11,4,85
NSS SADHAK,nss_sadhak,27,699
tanya,tanyabagchi27,6,92
Rameshbhai Ranipa,RameshbhaiRani1,3,15
lokpal  bhardwaj,kapil08bhardwaj,185,576
Naresh Dubey,NARESH01DUBEY,10,151
Nilesh Waghode,NWaghode,0,116
supreet singh lamba,supreetsinghlam,22,36
Adv.Rutwij M Jadhav,rutwijjadhav,40,124
Nishant Javia,nishant_javia,30,231
Mallikarjun Rao,Mallikrao,179,88
Satish Shaw,SatishS54597239,29,1361
Akash Singh,AkashSi21152411,10,221
kalrav k joshi,kalravkjoshi,14,230
Rajender,Rajende90125134,37,57
Appa Khatke,AppaKhatke,1,25
Abhishek Singh,Abhishe45284391,127,1023
GODWIN FIAVOR,GFiavor,117,338
Sandeep Patidar,sandeepbpatidar,146,1762
Amit G,amitngdotnet,9,106
Goldratt India,goldrattindia,35,203
Mukesh Prajapat,MukeshP82464442,5,27
DestaGlobal,DestaGlobal,124,226
ベトナム株で夢を見る。！,asjipon,284291,264395
CA Awadhesh Upadhyay,UpadhyayCa,10,357
Pramod K,pramodk_7227,20,113
KVN Prasad,KVNPrasad7,2,4
Zoheb,ZOHEB001,132,306
mohammed,mg3limited,325,2280
Rohan Dalvi,rohan8feb,154,352
"BRIJESH MAURYA ",Brijesh_0812,50,1112
Deepanshu Tandewal,DTandewal,1,312
Satinder Singh Bajwa,SatinderSinghB9,3,122
Bharat Yerdoor,iamYerdoor,10,101
Nagendra S,nagendra83,0,73
Avi Gawade,argawade,46,189
Biswa suar,BISWA011,19,310
Santanu Barik,santanubarik18,3,55
sundharababu,sundharababu,2,26
pradeep,pradeepdgowda,9,170
Aadil_@one,Aadil_one51,38,1142
sandeep malik,sandeep00721494,0,6
Brajendra K Rawat,Brajendrarawat1,247,3976
Mohammad Ghufran,ActiveGhufran,79,2111
journalist Gauri Shankar Singh,GauriJournalist,123,5000
Seasons Contemporary Catering,Seasons_Caterer,8,202
Vinay,namith25,86,25
Akash,Akash64465595,1,141
Vinay Vaishya,VinayVaishya4,1,190
MALVINDER TIWANA,mstckfs,7,50
Shiv Kumar Saini,ShivKum84923393,2,193
Unison,UnisonEcom,59,1028
Unboxing Begins,unboxingbegins,65,1401
Ayush Anagh,AnaghAyush,8,139
JATIN KUMAR,JATINKU37044541,151,5001
surya dwivedi,suryadwivedi00,8,183
aicha gadaafi  ( princess of peace ),aicha_gadaafi,316,3069
Annawaje,annawaje,4,12
Bhavana Joshi,bhajo14,95,96
Eerla Ramesh,eerla_ramesh,31,392
Mahesh Murthy,maheshmurthy,146506,878
Akash dass,akashpanthi821,643,3815
Vijay,Vijay65055257,0,12
Rajan Arya,RAJAN_ARYA,3,8
Akash khamkar,infinity9006,8,69
Nikhil Chavan,NIKHIL11C,21,234
Deepak Viramgama,ViramgamaDeepak,4,20
Maheshkdave,Maheshkdave1,26,294
Ajinkya Chandane,ajinkya7700,40,411
AK Sharma,AKX007,7,69
Sumedh Inje,SumedhBeingYoYo,16,39
Brahmanand Pandey,BopSany,8,278
chhama pandey,pandey_chhama,2,57
G MaNoj KEshAn,GManojKeshan,446,5001
Ashwin Singh,AshwinS91567010,2,87
Vipin Arora,VipinAr21101935,1,195
Advaita Indian 🇮🇳🚩,Advaita_indian,684,3334
Arvind choudhary,Arvindc40607469,1,107
Vibhav Agarwal,VibC21,2,43
George Kurian,Georgekurian4K,38003,30573
~Siruthai~,Siruthai15,13,486
Shashank Joshi,shashj16,122,461
Sumanth M,Sumanth04,50,663
Rajshekhar Pathak,RajshekharPath2,7,34
Dheeraj Gupta,Dheeraj28458989,0,160
Rahul Kumar Pandey,rahulsmsc,38,361
Kanhaiya Tiwary,Tiwarykanhaiya0,12,76
Rahul Singh,RahulSi61538268,0,125
Jai Kumar,jaikumar3282,4,77
New Era Investment Foundry,NewEraFoundry,128,1299
Zinnia Sheoran,ZinniaSheoran,33,101
Koushik Ghoshal,GHOSHALKOUSHIK1,28,61
Koushik Ghoshal,1KoushikGhoshal,25,132
jeyabalaji,jbalaji_c,85,1540
Sathiyaraj,Sathiya57039518,19,444
Tom C Thomas,TomCThomas3,22,16
Sharad Jadhav,SharadJ98043247,2,51
"Das, Rituraj chundaw",ChundawDas,1128,2843
Bhushan Deshmukh,Bhushan805620,0,61
Ehaib Baig,ehaib112233baig,194,1581
Hem,hemarambhatt,242,2369
Dharmendra Singh,dharmendra_hdi,66,180
Krishnkumar Upadhyay,krishnkumar_,22,387
Mohit Arora,MrMohitArora,6,90
Vinod Manwani,vinodmanwani123,3,156
Pallab Misra,p23jul,66,467
Hemal N Thakkar,hnthakkar1982,55,476
Dharmik Ranipa,dharmik_ranipa,6,118
Shantanu Deshpande,Shantan20464229,25,790
akanksha bansal,aakankshabansal,65,79
Vikrantt Mohan,vikranttmohan,329,792
Jim Peter,peterjim13,77,502
SHAVINDER,SHAVINDER16,51,113
Bipin Mhatre,MhatreBipin,7,40
Piyush Fadadu,piyushfadadu,10,41
Amit Sinha,amitsins,866,399
Subash Gupta,SubashG63276678,3,81
ghising_sandesh,ghisingsandesh1,48,970
JOSH HYDERABAD,JoshHyderabad,307,161
Satasiya Manoj,ManojSatasiya,37,38
JMG Automobiles,JMG_Automobiles,7,61
Anant Patil,anant1008_t,63,232
Sakshi,SakshiBiradar,7,147
Jitendra Yadav,JShrawasti,54,627
Rohit Sanghi,Rohitsanghi1,51,65
Ashish kachawa,samvitashish,552,1625
I Am Gorakh,AmGorakh,1,9
Lav Ahuja,lav_ahuja,49,138
Kim Singh,kim_singh,980,3028
Dr. Gaurav Gupta,DrGauravGupta11,9,109
Lashkare Sv,SwapniLashkare,45,791
JAY SHRIVASTAVA,JAYSHANKAR18,248,2231
Moolar.brn,moolar,8,168
Animesh Jain,Animesh_India,115,1791
Abhi Wankar,abhi_wankar,8,303
sheshaprasad,sheshaprasad3,0,20
Vikas Kumar,VikasKu88723447,12,94
Bhaktee Care,BhakteeCare,260,1417
social service  Mani,Logulogu946Gpr,506,5001
Thiru,cf1cbce5caed47a,3,8
dineshjajda,dineshjajda2,3,9
kyle gershbain,GershTO,234,456
Anil kumar,anilkumar854,263,4993
Chaitanya,KVVKChaitanya,2,60
Chaitu,Chaitan46901169,0,18
Kapil Pawar,kapilbpawar,33,176
Ranjeet Mehta,Ranjeet143Mehta,22,116
SHAILESH DALVI,shailu1225,5,17
Rushad Shah,shahrushad,16,41
Chetan Shetty,ChetanShettyPNQ,7,52
Manish,manish20gupta,13,56
Amit Agarwal,amitagarwal2111,32,12
Nitin Pathak,Nitin3Pathak,42,682
Shubhammunde91,Shubhammunde911,1,109
:: ₹ ::,market_digger,12,236
Chetan KR,Chetan_KR_7007,30,678
Amit Sharma,AmitSha91725253,88,381
Sujai,SujaiSugathan,2,199
Ramesh Kumar sah,RameshK95830695,145,3839
Anju Organic Life Solution,anju_organic,122,1687
सशक्त भारत,RaiPrshant,20,428
No-one,_noone12,74,240
Ashwani Garg,ashwanigarg1976,0,17
Mandar Panse,MandarPanse1,1,115
rashmi jain,JainRashmi11,14,591
Rajaram Kadam,Rajaramkadam11,50,852
TVS Mahindra Cochin,mahindra_tvs,3,141
Keyur Sadrani,KeyurSadrani,2,58
Manjunath Manju,Manjuna90378262,0,109
Raj Sekhar GR,GRofficial78,15,130
Maheswaran TheKingmaker,MaheswaranPM,156,334
Sameer B Madhekar,SameerMadhekar,8,339
Surya ⚽ 🇮🇳,iamsuryaprasath,283,1929
Reddicherla.Dhanunja,dhanur51,109,3134
Aftab,SportyAftab,58,48
Sanjay Sayaji Gamre,GamreSayaji,4,187
Mary James,MaryJam62637197,539,4990
sudheer,sudheer_amudala,19,187
Mandar,Mandar66312932,0,6
Sujay Bhalchandra,Sujaybhalchandr,16,30
Rishi@anediblebrain,25nov1989,47,529
Naresh Thakur,thakur83,590,2840
Ankur Khare,Ankurkhare143,3,85
SunilKumarPatidar,snl_patidar,7,311
Manish Baid,manishkbaid,5028,773
Richa,richakhaitan16,1,154
Himalay Verma,Himalayv,73,128
Koeyli,koeyli_jaluka,55,71
Santhanam2912,Santhanam29121,4,44
Shubham Shukla,Shubham04348509,59,1508
Ajay S.,ShimpiAjayR,84,2463
Saibal Choudhuri,ChoudhuriSaibal,0,2
Rishabh Sanghi,Rishabh_Sanghi,53,57
PRASHANT SARAF,sprashant2107,287,4985
Chirag Grover,Chiragg31,10,93
Sudhir Patil,SudhirP93054365,2,70
D&A MOTO,dandamoto,1,123
MarQuis Trill | Cryptocurrency Investor,6BillionPeople,4619700,4455521
Santosh Tale,TaleSantoshk,18,125
Love30ka,love30ka,1500,4885
Dinesh Agarwal,DineshAgarwal74,26,68
Ravi Kiran,RaviKir93334127,3,168
Paikar Sayyed,SayyedPaikar,11,65
Tarun Bansal,tbansal2,14,44
Atul,Atul52319782,0,94
SUBHASH KUMAR SHARMA,SUBHASHKUMARSH9,298,675
Alind Singh,AlindSingh4,6,228
Prithvee,Prithvee2,128,1602
Rajesh Vaghela,RajeshV05037041,0,11
Prashant Burade,PrashantBurade1,349,2626
Narendra Kumar,Narendranuta1,5,207
Thakor Alpesh,alpeshBadboy,9,268
"Diversified Corporation,WorldWide",diversifiedorg,201,5001
P S Saini,pssaini1,1921,1994
Amit Lale,amitlale007,96,228
puneet kumar,puneetyoyo22,7,111
Himanshu Rathore,Himansh91899594,424,3590
Stockguru123,Stockguru1231,87,1475
Surya,suryaprakashn13,2,13
Ira Gilani,iragilani,230,397
Shanmathi Sivakumar,Shanmathi_Siva,22,222
Avinash Rai,Avirai,115,420
Anitha Reddy,anithareddy4545,93,207
Kiran chaudhari,Kiranch87415332,84,948
Ramesh Lima,LimaRamesh,130,1545
Vivek Jadhav,VivekJadhav1987,141,645
Ratna,ratnaj23,1,21
Rahul Kataria,Rahulvkataria,7,277
Kishan1608,Kishan160892,4,90
Amar 2470,Amar58533792,2,18
Prime Shares Estate,PrimeSharesEst,12,108
Chetan Baviskar,ChetanBaviskar8,25,596
Pramod Chauhan,TravelWithPC23,2272,1333
Team Performance 🚘,TeamPerformanc3,8,177
Harshal J. Shah,harshal999,98,1046
Deven Srivastava,devenshyam,757,2967
jaydeep,ahirjaydeep78,18,124
Garima Jhamb,jhamb_garima,36,91
Ajit Singh Naru,AjitSinghNaru,2,7
vikram kadian,vikramkadiaan,247,812
Jatin Kumar,JatinKu83253750,127,2400
Aditya Deshmukh,aditya_mafoi,96,51
Kiran Pandhe,KiranPandhe,3,11
balram mishra,balrammishra,56,227
Manmath Biradar,BiradarManmath,218,981
AditIndian,aditindian,25,147
Atul Joshi,AtulJos68036088,2,10
Bal Yadav,Bala2285,54,541
Ashutosh Singh,ashuu_786,210,589
Rajiv Gupta,RajivGu62652463,3,304
Alpha1,Alpha184134303,734,4957
Mary Author,authormary1,372,4089
Basagonda Jevargi,BasagondaJ,1,26
Metrotek Financials,Metrotekfin,636,3602
Santosh Rodrigues,santoshrods,5,26
Krishna,Krishna50469473,14,226
Girish Porania,porania,160,785
Sujeet Kumar,Sujeet0948,7,156
साँई प्रा0 आई0टी0आई0,saiiti2012,18,259
Gowtham,GowthamGounder1,20,1225
Gaurav Kumar,GauravPromotion,6201,14741
Shivam Chandra,schandra_in,3,32
Venkatesh Vangara,VenkateshVanga5,1,119
Vidya Darandale,darandale_vidya,3,89
Soumen,Soumen99493998,4,141
Md Asif,MdAsif22637,8,13
Chiranjeev Kalra,ckalra,84,279
Omkar Dautpure,ODautpure,4,37
Shiva,Shiva02233335,8,81
Prateek Tikia,prtikia,14,113
Omkar Kshirsagar,23071081,33,42
Mohammed A. Petiwala,m_petiwala,113,775
Rupesh Yadav,RupeshY31071998,1,29
Avinash n,AvinashN95,14,29
Anjul,Anjul1202,11,26
Himanshu Saroj,HimanshuSaroj13,285,4932
B Venkat Raman Rao,BVenkatRamanRa2,3,35
Thakur Om Prakash,OM_PRAKASH1988,12,83
Intellinet Systems,IntelliParts,511,1158
Arun,Arun72970649,75,1227
vivek,son12034874,6,291
UP ke Lala,Nawab_Unleashed,344,597
SUBHAJIT MONDAL,SUBHAJI69369230,8,118
Kamlesh Ramtekkar,KARamtekkar,26,308
MotoAdda,MotoAdda1,141,1130
MCE,Mahindra_CE,1019,123
Anuj Numaan Rai,AnujNumaan,78,365
Imran Mustufa Memon,ImranMustufa,104,2493
Abhishek shukla,Abhi995695,122,231
Vishbjeet Kumar,VishbjeetK920,291,4199
Satish Lovely Mishra,d2f0d8f1ad4445c,35,102
Maryada Yenkanna,MaryadaYenkanna,0,837
Vishal Awasthi,AwasthiVishal,17,74
Muthukrishnan,Immuthukrishna,26,371
Jagannath Burli,JagannathSB5,1,5
Dr. Niranjan Nirmal,DrNRNirmal,59,90
Arun Prasad .M,ArunPrasadM9,0,18
Jafri,Jafrii,305,263
Indrajit P Benake,BenakeP,9,53
Ranjm,rmokashi267,8,107
Arpit Bhargava,arpit_bhargava,138,270
Dharesh,Dharesh28780562,1,2
Venkatesha Prasanna,JvPrasanna,81,1556
धिरज सोनवणे,DCSONAWANE,37,50
R K VASHISHT,RKVASHISHT3,3,138
Rupesh Ranjan,rupeshnitjsr,5,49
Chatrapathy,Chatrapathy6,28,4994
Vasundhara Kalyan,Vasundharakotte,46,799
sudhakara chakravart,chax1976,12,27
Vignesh SVii,SviiVignesh,10,349
दीपक शुक्ल,deepaksuklaji,73,233
Manoj Lohiya,Rab_di_gaddi111,4,384
panse_parag,ParagPanse,0,27
Manish,Manish86338475,32,708
Tushar Khandelwal,tushar_irockyou,9,33
Shiva Bhardwaj,shiva9315,42,131
SAGAR RAHINJ,sagar_rahinj99,26,808
shobhit shukla,shobhitpandit89,7,31
Ali GÜLLÜOĞLU,gllolu_ali,92,308
Chirag Jain,Chirag_CUJ,18,78
Kumara Guru,KumaraGuru10,84,2497
A c t o r Manoj Viju parmar,manojvijuparmar,610,4983
Ramaswami,gsramaswami,477,4998
Ravi Pal,RaviPal37200235,4,159
Surendra Singh,SurendrasRawat,31,498
Lokesh Jat,LokeshJ60022679,89,1333
Swapnil Pansare,swap2151,30,62
Rajesh Mandhana,mandhana_rajesh,1,14
Amit Jahagirdar,AmitAJahagirdar,5,16
Manakh phukan,Girsuk,0,15
p,RautYatil,1,145
Kleber DePaulo,KleberMP,298,174
Pushpendra  Kumar  Rastogi,PRastogi1963,284,1427
Prasanna,prasannapahade,156,130
Moolchand Jangid,MoolchandJang14,9,121
Milind Mishra,milindmishra87,33,177
Ayyub Maner,AyyubManer1,1,79
Sanjoy chakraborty,Sanjoyc23136108,10,204
Santhosh,gjsanthosh,1,45
Daxesh Tripathi,daxeshca,24,149
Abdul khabir,Acki_shakh,422,4387
vivek kumar,vivekkumar8142,21,200
Amit Pirgal,amitpirgal,163,2113
Jio,Jio75109571,52,899
Bharath Gopu,bgopu1973,818,1061
Namdev Patil,namdev288,5,28
Dattatraya Nikam,DattatrayaNikam,5,19
nipun kashyap,KashyapNipun,7,34
Veera Prihti,VeeraPrihti,11,39
venkatesan,venkate27014607,0,14
Kartikay Khattar,KayKhattar,0,39
Bharat,bharatram514,219,1733
Salil Goswami,Salilgoswami,112,536
Jukka Holappa,jukkaholappa75,50,201
Ramesh,Ramesh26163835,1,49
Meenu Bagla,meenubagla,3123,562
Brij,Brij14325999,0,85
bhupesh naryan,BhupeshNaryan,219,1876
gf30,tu_fukuda,720,3526
Jagan,Jaags,9,17
Vikas Nadgir,VikasNadgir2,4,20
VIJAY,VIJAY67624276,0,9
Debasis Roy,debasisdebroy,59,2060
Raghunath Pradhan,Raghuna72445487,429,3676
sankar ghosal,sankarnghosal,27,163
raghu bala,raghu_bala,105,3571
S K,carlover_123,6,252
Al Ameen,AlAmeen58381416,16,534
Aamir Ahmed,Aam1rAhm3d,16,189
Abhijit Kahu,kahutheking,2,91
Shankar Arnady,sarnady,47,320
Khalid Butt,khalid_butt1,114,288
Tomi Collander,TomiCollander,435,520
FriendshipFoundation,projectkhushi,75,1828
The Prakriti Trust,Prakrititrust,420,1765
Pritish,Pritish02150274,29,751
Bhushan Udar,bhushan_udar,36,164
anuj Verma,anujverma81,0,31
Pawan Nareri,NareriPawan,1,7
MP,MP_Speak,33,182
Rajendramane,Rajendr63499880,1,48
Lakshmi Kaul,KaulLakshmi,2210,1887
Sandeep Singh,Sandeep93574993,18,259
sameer Dhanawade,sameertmumbai92,3,22
karthikrishnan,karthikrvkk,31,594
Mahendra Kumbhar,MahendraKumbh10,39,1008
Sharath Chandra,Sharuborker,9,25
GIRIDHAR,GiridharBv9,24,383
anurag chaturvedi,anuragc32252585,4,120
Shashank Patwa,ShashankPatwa26,69,177
Suresh J Naidu,jaysureshnaidu,175,451
Avdhoot,Avdhoot_Sant,0,89
Suraj Kumar Bairwa,SurajKumarBai11,5,165
Vande Bharati,Vandebharathi,673,2298
paritosh mondal,paritosh9851,4,321
Himanshu Goyal,Himansh43095100,15,149
Alok Pandey,aloxhere,64,210
Deepak Kesharwani,Dkesharwani,14,53
MM Kannan,MMKannan31,0,54
Parag Panse,panse_parag,1,45
刘向黎 Liu Xiangli ( Mr. ),c9jVOh4DIg4K6c9,277,2085
Shankar Tara Entertainment,ShankarTaraEnt2,35,320
कुँवर घनश्यामसिंह राघव,kunwargsraghav,30,162
Narasimha Rao Ingilela,RaoIngilela,1,188
Vishwajeet Kumar Singh,Vishwaj80033077,264,5003
UDHAYAKUMAR.R,UDHAYAKUMARR90,938,3866
vikaskumar,vikasror,34,552
Amol Ashok Gorde,gorde_amol,380,4964
K.Ganesh,ganeshk03,6407,548
Atin Moulick,AKMOULICK,6,52
KNVRL Sarma,sarma_knvrl,5,27
VIRENDRA SINGH SISODIA,VIRENDRA_SHOBHA,612,4988
Saurabh Kumar,Saurabh98650793,27,686
Ramakant Dwivedi,RamakantDW,17,84
Shivendra Pratap,Shivend22386646,4,73
Rajeev Rellan,rajeev_rellan,10,3
Swas & IT,SwasGroup,54,203
Manish Bakshi,ManishBakshi24,2,68
ASLAM KHAN      *A.K.ASSOCIATES INDIA*,AKAINDIA1,26,164
Viraj,viraj_,92,1500
yogesh kumar,yogesh_164,7,371
DINESH WAGH,DINESHW52007905,2,25
Pleasure Ellis,PleasureEllis,1682524,435265
Amitabh Chandra,amitabhchandra,24,109
Anand Pillay,AnandPillay18,3,168
manivannan,manivan43696433,84,189
Baristaonbike,baristaonbike,16,144
Shilash Bharne,BharneShilash,0,72
E S Niranjanakumar,SNiranjanakumar,80,924
Vinayak Shinde,Vinayak_bs,230,455
Shantanu Kumar,shanrai1404,53,238
Hemraj Tewatia,Hemrajtewatia1,147,505
Yasheshwar Prajapati,YasheshwarP,58,152
Shah Saudaagar,saudaagar,24,27
Chandrashekhar M.,Chandra56647815,4,12
vijayap,vijayapavitra,66,475
Akshay Vora,akshaysvora,185,294
Mukesh,Muka428073,826,3853
Sunil venkatesh,Venkateshsunil6,67,878
rajendraveluvali,veluvaliraj,65,922
Cheriyan K M,Cheriyankm,35,477
Vaibhav Ghumare,vaibhav_ghumare,32,396
Ck,knitexbdltd,390,1668
Suresh D Nair,sureshn123,225,166
Sathish,sathish24041990,16,206
Saddam shaikh,Saddams73142509,1,66
Nikhil Gawde,NikhilGawde3,0,5
Felix Medina,VediaGlobal,91,1216
Suresh Pilaniya,skpilaniiya,35137,31198
Mukesh shri😘😘😘,Mukeshshri3,23,526
Narendra Singh Jhala,NarendraSjhala,189,960
"Rim Country Tractor, LLC",RCT_LLC,6,40
अंकुर शर्मा वशिष्ठ,Ankuraarav2013,4,113
*Girish,Girishdisawal,210,436
Rakesh Arora,RakeshA37752961,44,548
विनोद दास,m0ceRVAk9kwWua9,62,229
Josué Osorno,osornojosu,45,467
Punma Ram Arya krantikari,AryaPunma,124,1410
Soumyadeep Kuila,SoumyadeepKuil1,7,445
Shekhawatpravinsingh,Shekhawatpravs,49,109
Deepanshu Mewati,DeepanshuMewati,7,60
harjithgururaj,harjithguru,90,221
Indroneil,the_indroneil,430,681
Sendhil,Sendhil65432389,18,849
PRAVEEN CG,PRAVGOWDA,83,426
Chandradeep Singh,chandradeep_cs,5,47
Lokesh Yadhav,loki486,68,631
Karthik raja,RajiramRaja,9,180
दै. झुंजार सेनापती,zunjarlive,57,1100
DIVYANG R PRADHAN,divyangpradhan,217,5001
Ravin Desai,ravin1sky,1879,2693
Bhavadharan,bhavadharan7,34,818
Abdullah S Khan 🇮🇳,ASK1981,72,1626
V.Govardhan Reddy,Go_VardhanReddy,197,4693
Nikhil Asnani,NikhilAsnani,186,2793
chinmay Bhalerao,chinmayBhaler11,3,63
Harsha R,HarshaR45,8,4
Share Manthan,sharemanthan,144,69
Surendra Dhote,DhoteSurendra,1367,4772
Banti Dad Kushwaha,DadKushwaha,299,2242
Sasikumar/சசிகுமார்,trsasikumar,72,4999
Bharat Gharia,BharatGharia,8,133
ARUN PRASAD HARIHARAN,HArunPrasad81,1,11
Mandar Dixit,dixitmp,99,284
gurudatta,GuruBodake,1,31
Megha Asha Bhargava,meghabhargava,91,1082
Manjunath Nelli,mknelli21,28,288
pratik vasani,pratik1605,83,291
Ashish Thakkar,Aashish_HR,4,180
AutoKartz Automobile,autokartz,62,271
Sachin Gurwe,SachinGurwe,431,3543
Ravi Dasar,RaviDasar,47,869
sandip tambe,sandiptambe17,0,25
Abhay Dixit,AbhayDi75704657,1,12
Sandeep Mahale,SandeepMahale01,5,72
Shailesh Vaidya,shailesh292601,18,161
Sandra Choi,selectdetroit,61,141
Manish Vanpariya,manish09ec366,5,209
Pradip Singh,pradipsingh1987,9,100
Binaifer Jehani,JehaniBinaifer,132,237
Abdulla Al Hamli,AbdullaHamli,154,899
Vikash Singh,VikashS73941541,249,3160
SONU YADUVANSHI,SONUYAD18964312,2,171
Suhas Borate,SBorate1,17,191
Jaisimha Rao,jsrsimha,82,355
Ritesh Gupta,guptaritesh197,26,139
Rajesh Pandey,rajeshpandeyRP,146,458
Kiran rakhe,rtnrakhe,3,7
Harish Chavan,HarishChavan19,4,12
Jayant Mhatre,JayantMhatre83,6,27
Rajeev Shrivastava,RajeevS46874220,6,43
Sawan,Sawan762090151,18,316
Subandhu Arya,subandhuarya,33,77
Sudhanshu Kulshresth,sudhanshuk07,18,186
Navneet Chaudhari,Nacneet01,13,40
Vivek agrawal,Vivek061073,1,64
Hendrik Decramer,DecramerH,56,74
Bharat Kalled,BharatKalled,5,66
Vipin Sonje,vipinsonje,10,27
Clament John,goForCJ,47,355
achyut mishra,achyutmishra,123,137
Mansuri Aadil,mansuriaadil450,26,562
KAUSHAL KUMAR AMAR,KAUSHALKUMARAM2,14,336
Santosh Jaiswal,santosh99023579,25,193
MURALIDHARAN D,MURALIDHARAND8,10,135
Nicky,LAMMA_Nicky,721,1599
NIMMALAPUDI,nsathiraju,3,73
Anurag Vijay,dashinganurag83,225,398
Gurmeet Singh Dang,GurmeetDang,3,51
Shay Klusmeyer,ShayKlusmeyer,57,194
Aniket Jain,autoinfo_aniket,28,115
Abhay rathi,11abhayrathi,18,47
Niraj Singh,Fr_Niraj,218,427
VAIBHAV V. KOLAPKAR,kolapkarvaibhav,7,26
Hemant M Patil,HemantMPatil5,2,42
Nikhil Baijal,baijal2011,73,252
Jayant Jayaram,jayant_jayaram,3,20
mery anky,meryanky,238,1260
Amit Bhatnagar,AmitBha18220364,1,31
Sami Seppala,seppala_sami,6,28
Sanjana sanju,Sanjanasanju143,89,394
IFEGHY_MAHINDRA,ifeghy,3,63
ram,ramjeevan2011,16,151
Shashank Vashishtha,DMishy,313,1219
Akanksha Jain,Akanksh56106198,0,8
Mahendra Agarwal,Mahenag030782,74,512
Sandeep Chaudhary,Sandeep42812195,0,29
Bhera Dass,BheraDass,452,2920
Innovation Wire,innovation_wire,125,464
OJASWI ENTERPRISES,Ojaswienterpris,398,4980
neminath chougule,neminathchougul,6,300
kk,kkonnet,72,564
Satish Kumar,skrz2014,66,2356
Maxamed Cabdilahi,Maxamed61833434,50,1138
Daivesh Ghedia,Daivesh_G,44,1055
Ateeq,DumpyAteeq,166,3092
Eric Mougin,eric_mougin,2,15
RAJNI CHANDAN,R_Rajnichandan,24,456
Anant Umesh Doke,DokeAnant,10,362
Prakash Chand,Prakash95562823,705,4938
RAMAKANT NAVGHARE,ramakant1527,18,693
Vanjaresameer,Vanjaresameer1,3,57
Kauntey Kudtarkar,kaunteyk,137,1487
Pragna,prags810,11,94
Ravikiran shinde,Ravikiranshin13,109,758
Anupam Tiwari,Anupam08Tiwari,19,271
Surabhi Deshmukh,DSurabhi247,21,160
Arindom Das,ArindomDas13,27,60
Swap,nirvanaa_peace,91,262
Ramchandra Ranwa,RamchandraRanw3,0,4
#free kashmir,nazarulmir,270,570
Sandeep Virk,virksandeep,542,746
Ketan Dobariya,ketanmd,11,118
Projwal Kumar David,ProjwalzSpark,48,115
Karan Kabra,iima_karan,52,158
Y&G Group Companies,YandGTech,264,1054
Rushi Bardapurkar,rishi_9919,12,160
Chandra Sekhar Yarla,Sekharychandra,2,19
Rasesh Joshi,RaseshJoshi1,5,31
MANOJ K JHA aka MANU,manojgjha,882,3090
Arun Mishra,ArunMis35207164,1,8
Nafis khan,gulkhannnl,9,152
Joseph Philip,JosephP23226145,1,10
Ghanshyam dhankhara,dhankhara101,339,1360
Agricom Africa,AgricomAfrica,93,268
RishabhRatna Agrawal,p11rishabhr,27,335
Dr. Ajit Kumar Kar,ajitkar5,312,108
Rajeev Dhiman,rajeevdhiman22,0,39
Vigneshwaran,Aadhi_Tamizhan,21,964
SELVA,SELVA_JARVIS,41,1438
Pratyush Shukla,ChhotuShukla6,60,1375
balaji R,BALAJI2921996,6,212
Ankit Chourasia,chourasia76,54,497
Williams j crypto,Williamsbinary,655,2257
Deepa Deshmukh,DeepaDeshmukh20,3,101
Giftson Vethanayagam,GiftsonVe,6,221
StickyPins.Inc,StickypinsInc,628,1230
Karuna,karunanayak,109,273
Himal Tewari,himaltewari,63,222
Hardeep Singh,Aviator_hardeep,705,1912
OCALA TRACTOR 352-732-8585,OCALATRACTOR,146,283
Suhrid Barua,ProsJunoon,692,60
Pratyush,Pratyus61253304,1,26
Pratik Rakshit,PratikR2811,445,1501
Arvind Mistry,ArvindMistry11,4,93
tanya,tanyabagchi27,5,92
Rameshbhai Ranipa,RameshbhaiRani1,3,15
lokpal  bhardwaj,kapil08bhardwaj,184,574
Naresh Dubey,NARESH01DUBEY,11,151
Nilesh Waghode,NWaghode,0,116
supreet singh lamba,supreetsinghlam,21,35
Adv.Rutwij M Jadhav,rutwijjadhav,40,124
Nishant Javia,nishant_javia,30,231
Mallikarjun Rao,Mallikrao,178,88
Satish Shaw,SatishS54597239,35,1942
Akash Singh,AkashSi21152411,10,221
kalrav k joshi,kalravkjoshi,14,245
Rajender,Rajende90125134,38,57
Appa Khatke,AppaKhatke,1,25
Abhishek Singh,Abhishe45284391,132,1022
GODWIN FIAVOR,GFiavor,117,338
Modified Indian Cars,Prakash_Rawat_,98,703
Sandeep Patidar,sandeepbpatidar,142,1769
Amit G,amitngdotnet,9,105
Goldratt India,goldrattindia,36,203
Mukesh Prajapat,MukeshP82464442,5,27
DestaGlobal,DestaGlobal,127,229
ベトナム株で夢を見る。！,asjipon,284870,266056
CA Awadhesh Upadhyay,UpadhyayCa,12,357
Pramod K,pramodk_7227,21,113
KVN Prasad,KVNPrasad7,2,4
Zoheb,ZOHEB001,132,307
mohammed,mg3limited,326,2284
Rohan Dalvi,rohan8feb,154,352
"BRIJESH MAURYA ",Brijesh_0812,49,1132
Deepanshu Tandewal,DTandewal,1,312
Satinder Singh Bajwa,SatinderSinghB9,3,122
Bharat Yerdoor,iamYerdoor,10,101
Nagendra S,nagendra83,0,73
Avi Gawade,argawade,46,189
Biswa suar,BISWA011,21,310
Santanu Barik,santanubarik18,3,55
sundharababu,sundharababu,2,26
pradeep,pradeepdgowda,9,170
Aadil_@one,Aadil_one51,42,1158
James J. Reilly III,JReillyInventor,80,771
sandeep malik,sandeep00721494,0,6
Brajendra K Rawat,Brajendrarawat1,247,3972
Mohammad Ghufran,ActiveGhufran,75,2114
journalist Gauri Shankar Singh,GauriJournalist,125,4997
Seasons Contemporary Catering,Seasons_Caterer,8,202
Vinay,namith25,86,25
Akash,Akash64465595,1,141
Vinay Vaishya,VinayVaishya4,1,192
MALVINDER TIWANA,mstckfs,7,50
Shiv Kumar Saini,ShivKum84923393,3,193
Unison,UnisonEcom,65,1028
Unboxing Begins,unboxingbegins,72,1545
Ayush Anagh,AnaghAyush,9,142
JATIN KUMAR,JATINKU37044541,158,4999
aicha gadaafi  ( princess of peace ),aicha_gadaafi,333,3170
Annawaje,annawaje,4,12
Bhavana Joshi,bhajo14,95,96
Eerla Ramesh,eerla_ramesh,31,393
Mahesh Murthy,maheshmurthy,146502,878
Akash dass,akashpanthi821,654,3803
Vijay,Vijay65055257,0,13
Rajan Arya,RAJAN_ARYA,3,8
Akash khamkar,infinity9006,8,69
Nikhil Chavan,NIKHIL11C,21,234
Deepak Viramgama,ViramgamaDeepak,4,20
Maheshkdave,Maheshkdave1,26,294
Ajinkya Chandane,ajinkya7700,40,410
AK Sharma,AKX007,7,69
Sumedh Inje,SumedhBeingYoYo,16,39
Brahmanand Pandey,BopSany,8,278
chhama pandey,pandey_chhama,0,57
G MaNoj KEshAn,GManojKeshan,446,5001
Ashwin Singh,AshwinS91567010,2,88
Vipin Arora,VipinAr21101935,1,195
Advaita Indian 🇮🇳🚩,Advaita_indian,670,3403
Arvind choudhary,Arvindc40607469,1,107
Vibhav Agarwal,VibC21,2,43
George Kurian,Georgekurian4K,38037,31048
~Siruthai~,Siruthai15,12,485
Shashank Joshi,shashj16,122,460
Sumanth M,Sumanth04,50,663
Rajshekhar Pathak,RajshekharPath2,7,34
Dheeraj Gupta,Dheeraj28458989,0,161
Rahul Kumar Pandey,rahulsmsc,38,361
Kanhaiya Tiwary,Tiwarykanhaiya0,11,75
Rahul Singh,RahulSi61538268,1,125
Jai Kumar,jaikumar3282,4,77
New Era Investment Foundry,NewEraFoundry,126,1299
Zinnia Sheoran,ZinniaSheoran,33,101
Koushik Ghoshal,GHOSHALKOUSHIK1,28,61
Koushik Ghoshal,1KoushikGhoshal,25,132
jeyabalaji,jbalaji_c,85,1538
Sathiyaraj,Sathiya57039518,19,444
Tom C Thomas,TomCThomas3,22,16
Sharad Jadhav,SharadJ98043247,2,51
"Das, Rituraj chundaw",ChundawDas,1156,2823
Bhushan Deshmukh,Bhushan805620,0,61
Ehaib Baig,ehaib112233baig,192,1580
Hem,hemarambhatt,242,2369
Dharmendra Singh,dharmendra_hdi,67,181
Krishnkumar Upadhyay,krishnkumar_,21,387
Mohit Arora,MrMohitArora,8,91
Vinod Manwani,vinodmanwani123,3,156
Pallab Misra,p23jul,67,471
Hemal N Thakkar,hnthakkar1982,55,476
Dharmik Ranipa,dharmik_ranipa,6,118
Shantanu Deshpande,Shantan20464229,25,793
akanksha bansal,aakankshabansal,65,79
Vikrantt Mohan,vikranttmohan,329,801
Jim Peter,peterjim13,77,502
SHAVINDER,SHAVINDER16,52,113
Bipin Mhatre,MhatreBipin,7,40
Piyush Fadadu,piyushfadadu,10,41
Amit Sinha,amitsins,870,400
Subash Gupta,SubashG63276678,3,81
ghising_sandesh,ghisingsandesh1,66,981
JOSH HYDERABAD,JoshHyderabad,310,161
Satasiya Manoj,ManojSatasiya,37,38
JMG Automobiles,JMG_Automobiles,5,61
Anant Patil,anant1008_t,63,232
Sakshi,SakshiBiradar,7,147
Jitendra Yadav,JShrawasti,57,631
Rohit Sanghi,Rohitsanghi1,51,66
Ashish kachawa,samvitashish,552,1625
I Am Gorakh,AmGorakh,1,9
Lav Ahuja,lav_ahuja,49,138
Kim Singh,kim_singh,972,3047
Dr. Gaurav Gupta,DrGauravGupta11,9,109
Lashkare Sv,SwapniLashkare,46,790
JAY SHRIVASTAVA,JAYSHANKAR18,246,2230
Moolar.brn,moolar,8,168
Animesh Jain,Animesh_India,121,1815
Abhi Wankar,abhi_wankar,8,303
sheshaprasad,sheshaprasad3,0,20
Vikas Kumar,VikasKu88723447,12,94
Bhaktee Care,BhakteeCare,259,1418
social service  Mani,Logulogu946Gpr,507,5003
Thiru,cf1cbce5caed47a,3,8
dineshjajda,dineshjajda2,3,9
kyle gershbain,GershTO,236,456
Anil kumar,anilkumar854,268,4988
Chaitanya,KVVKChaitanya,2,60
Chaitu,Chaitan46901169,0,18
Kapil Pawar,kapilbpawar,33,176
Ranjeet Mehta,Ranjeet143Mehta,23,116
SHAILESH DALVI,shailu1225,5,17
Rushad Shah,shahrushad,16,41
Chetan Shetty,ChetanShettyPNQ,7,52
Manish,manish20gupta,13,56
Amit Agarwal,amitagarwal2111,32,12
Nitin Pathak,Nitin3Pathak,43,683
Shubhammunde91,Shubhammunde911,1,109
:: ₹ ::,market_digger,11,236
Chetan KR,Chetan_KR_7007,30,679
Amit Sharma,AmitSha91725253,88,381
Sujai,SujaiSugathan,2,199
Ramesh Kumar sah,RameshK95830695,152,3842
Anju Organic Life Solution,anju_organic,167,1794
सशक्त भारत,RaiPrshant,18,428
No-one,_noone12,74,240
Ashwani Garg,ashwanigarg1976,0,17
Mandar Panse,MandarPanse1,1,115
rashmi jain,JainRashmi11,14,591
Rajaram Kadam,Rajaramkadam11,49,851
TVS Mahindra Cochin,mahindra_tvs,3,141
Keyur Sadrani,KeyurSadrani,2,58
Manjunath Manju,Manjuna90378262,0,109
Raj Sekhar GR,GRofficial78,15,134
Maheswaran TheKingmaker,MaheswaranPM,156,336
Sameer B Madhekar,SameerMadhekar,8,340
Surya ⚽ 🇮🇳,iamsuryaprasath,282,1925
Reddicherla.Dhanunja,dhanur51,109,3130
Aftab,SportyAftab,59,48
Sanjay Sayaji Gamre,GamreSayaji,4,187
Mary James,MaryJam62637197,545,4982
sudheer,sudheer_amudala,18,190
Mandar,Mandar66312932,0,6
Sujay Bhalchandra,Sujaybhalchandr,16,30
Rishi@anediblebrain,25nov1989,47,529
Naresh Thakur,thakur83,590,2841
Ankur Khare,Ankurkhare143,4,85
SunilKumarPatidar,snl_patidar,7,311
Manish Baid,manishkbaid,5030,777
Richa,richakhaitan16,1,154
Himalay Verma,Himalayv,73,128
Koeyli,koeyli_jaluka,55,71
Santhanam2912,Santhanam29121,4,44
Santhanam2912,Santhanam29121,4,44
Shubham Shukla,Shubham04348509,62,1507
Ajay S.,ShimpiAjayR,84,2468
Saibal Choudhuri,ChoudhuriSaibal,0,2
Rishabh Sanghi,Rishabh_Sanghi,53,59
PRASHANT SARAF,sprashant2107,277,4991
Chirag Grover,Chiragg31,10,93
Sudhir Patil,SudhirP93054365,2,72
D&A MOTO,dandamoto,1,123
MarQuis Trill | Cryptocurrency Investor,6BillionPeople,4620160,4454007
Santosh Tale,TaleSantoshk,18,125
Love30ka,love30ka,1504,4885
Dinesh Agarwal,DineshAgarwal74,26,68
Ravi Kiran,RaviKir93334127,3,173
Paikar Sayyed,SayyedPaikar,13,75
Tarun Bansal,tbansal2,14,44
Atul,Atul52319782,0,94
SUBHASH KUMAR SHARMA,SUBHASHKUMARSH9,295,675
Alind Singh,AlindSingh4,6,228
Rajesh Vaghela,RajeshV05037041,0,11
Prashant Burade,PrashantBurade1,345,2622
Narendra Kumar,Narendranuta1,4,207
Thakor Alpesh,alpeshBadboy,9,268
"Diversified Corporation,WorldWide",diversifiedorg,199,5000
P S Saini,pssaini1,1925,2002
Amit Lale,amitlale007,96,228
puneet kumar,puneetyoyo22,7,111
Himanshu Rathore,Himansh91899594,421,3587
Stockguru123,Stockguru1231,89,1476
Surya,suryaprakashn13,2,13
Ira Gilani,iragilani,227,399
Shanmathi Sivakumar,Shanmathi_Siva,22,221
Avinash Rai,Avirai,115,420
Anitha Reddy,anithareddy4545,93,208
Kiran chaudhari,Kiranch87415332,86,948
Ramesh Lima,LimaRamesh,128,1544
Vivek Jadhav,VivekJadhav1987,141,645
Ratna,ratnaj23,1,21
Rahul Kataria,Rahulvkataria,7,277
Kishan1608,Kishan160892,4,90
Amar 2470,Amar58533792,2,18
Prime Shares Estate,PrimeSharesEst,12,108
Chetan Baviskar,ChetanBaviskar8,26,606
Pramod Chauhan,TravelWithPC23,2272,1331
Team Performance 🚘,TeamPerformanc3,8,177
Harshal J. Shah,harshal999,98,1046
Deven Srivastava,devenshyam,758,2965
jaydeep,ahirjaydeep78,18,124
Garima Jhamb,jhamb_garima,36,91
Ajit Singh Naru,AjitSinghNaru,2,7
Jithesh kumar Kajampady,JKajampady,99,5001
vikram kadian,vikramkadiaan,247,815
Jatin Kumar,JatinKu83253750,127,2398
Aditya Deshmukh,aditya_mafoi,96,51
Kiran Pandhe,KiranPandhe,3,11
balram mishra,balrammishra,55,227
Manmath Biradar,BiradarManmath,214,984
AditIndian,aditindian,25,147
Atul Joshi,AtulJos68036088,2,10
Bal Yadav,Bala2285,54,542
Ashutosh Singh,ashuu_786,210,589
Rajiv Gupta,RajivGu62652463,3,306
Alpha1,Alpha184134303,721,4956
Mary Author,authormary1,372,4089
Basagonda Jevargi,BasagondaJ,1,26
Metrotek Financials,Metrotekfin,633,3601
Santosh Rodrigues,santoshrods,5,26
Krishna,Krishna50469473,15,226
Girish Porania,porania,160,786
Sujeet Kumar,Sujeet0948,6,157
साँई प्रा0 आई0टी0आई0,saiiti2012,18,259
Gowtham,GowthamGounder1,20,1225
Gaurav Kumar,GauravPromotion,6189,14741
Shivam Chandra,schandra_in,3,32
Venkatesh Vangara,VenkateshVanga5,1,119
Vidya Darandale,darandale_vidya,3,89
Soumen,Soumen99493998,4,141
Md Asif,MdAsif22637,8,13
Chiranjeev Kalra,ckalra,83,280
Omkar Dautpure,ODautpure,4,37
Shiva,Shiva02233335,8,81
Prateek Tikia,prtikia,14,113
Omkar Kshirsagar,23071081,33,42
Mohammed A. Petiwala,m_petiwala,113,779
Rupesh Yadav,RupeshY31071998,1,29
Avinash n,AvinashN95,15,29
Anjul,Anjul1202,10,26
Himanshu Saroj,HimanshuSaroj13,284,4932
B Venkat Raman Rao,BVenkatRamanRa2,3,35
Thakur Om Prakash,OM_PRAKASH1988,12,83
Intellinet Systems,IntelliParts,508,1157
Arun,Arun72970649,76,1227
vivek,son12034874,6,291
UP ke Lala,Nawab_Unleashed,344,597
SUBHAJIT MONDAL,SUBHAJI69369230,8,118
Kamlesh Ramtekkar,KARamtekkar,26,308
MotoAdda,MotoAdda1,147,1131
MCE,Mahindra_CE,1015,123
Anuj Numaan Rai,AnujNumaan,78,365
Imran Mustufa Memon,ImranMustufa,99,2494
Abhishek shukla,Abhi995695,122,231
Vishbjeet Kumar,VishbjeetK920,293,4192
Satish Lovely Mishra,d2f0d8f1ad4445c,35,102
Maryada Yenkanna,MaryadaYenkanna,0,837
Vishal Awasthi,AwasthiVishal,17,75
Muthukrishnan,Immuthukrishna,26,372
Jagannath Burli,JagannathSB5,1,5
Dr. Niranjan Nirmal,DrNRNirmal,60,90
Arun Prasad .M,ArunPrasadM9,0,18
Jafri,Jafrii,304,264
Indrajit P Benake,BenakeP,8,53
Ranjm,rmokashi267,8,107
Arpit Bhargava,arpit_bhargava,137,272
Dharesh,Dharesh28780562,1,2
Venkatesha Prasanna,JvPrasanna,80,1556
धिरज सोनवणे,DCSONAWANE,37,50
R K VASHISHT,RKVASHISHT3,3,138
Rupesh Ranjan,rupeshnitjsr,5,49
Chatrapathy,Chatrapathy6,28,4991
Vasundhara Kalyan,Vasundharakotte,45,800
sudhakara chakravart,chax1976,12,27
Vignesh SVii,SviiVignesh,9,349
दीपक शुक्ल,deepaksuklaji,74,232
Manoj Lohiya,Rab_di_gaddi111,4,386
panse_parag,ParagPanse,0,27
Manish,Manish86338475,32,709
Tushar Khandelwal,tushar_irockyou,9,33
Shiva Bhardwaj,shiva9315,42,131
SAGAR RAHINJ,sagar_rahinj99,25,807
shobhit shukla,shobhitpandit89,7,31
Ali GÜLLÜOĞLU,gllolu_ali,91,308
Chirag Jain,Chirag_CUJ,18,78
Kumara Guru,KumaraGuru10,85,2490
A c t o r Manoj Viju parmar,manojvijuparmar,612,4981
Ramaswami,gsramaswami,478,4998
Ravi Pal,RaviPal37200235,4,159
Surendra Singh,SurendrasRawat,25,498
Lokesh Jat,LokeshJ60022679,89,1333
Swapnil Pansare,swap2151,30,62
Rajesh Mandhana,mandhana_rajesh,1,14
Amit Jahagirdar,AmitAJahagirdar,5,16
Manakh phukan,Girsuk,0,15
p,RautYatil,1,145
Kleber DePaulo,KleberMP,298,174
Pushpendra  Kumar  Rastogi,PRastogi1963,284,1425
Prasanna,prasannapahade,157,130
Moolchand Jangid,MoolchandJang14,9,121
Milind Mishra,milindmishra87,33,177
Ayyub Maner,AyyubManer1,1,79
Sanjoy chakraborty,Sanjoyc23136108,10,204
Santhosh,gjsanthosh,1,45
Daxesh Tripathi,daxeshca,23,149
Abdul khabir,Acki_shakh,423,4382
vivek kumar,vivekkumar8142,20,200
Amit Pirgal,amitpirgal,162,2107
Jio,Jio75109571,51,894
Bharath Gopu,bgopu1973,812,1057
Namdev Patil,namdev288,5,28
Dattatraya Nikam,DattatrayaNikam,5,19
nipun kashyap,KashyapNipun,7,34
Veera Prihti,VeeraPrihti,11,39
venkatesan,venkate27014607,0,14
Kartikay Khattar,KayKhattar,0,39
Salil Goswami,Salilgoswami,112,537
Jukka Holappa,jukkaholappa75,50,201
Ramesh,Ramesh26163835,1,49
Meenu Bagla,meenubagla,3133,562
Brij,Brij14325999,0,85
bhupesh naryan,BhupeshNaryan,220,1876
gf30,tu_fukuda,716,3527
Jagan,Jaags,9,17
Vikas Nadgir,VikasNadgir2,4,20
VIJAY,VIJAY67624276,0,9
Debasis Roy,debasisdebroy,59,2059
Raghunath Pradhan,Raghuna72445487,430,3679
sankar ghosal,sankarnghosal,27,163
raghu bala,raghu_bala,106,3571
S K,carlover_123,5,252
Al Ameen,AlAmeen58381416,17,534
Aamir Ahmed,Aam1rAhm3d,17,190
Abhijit Kahu,kahutheking,2,91
Shankar Arnady,sarnady,47,320
Khalid Butt,khalid_butt1,113,285
FriendshipFoundation,projectkhushi,73,1828
The Prakriti Trust,Prakrititrust,420,1765
Pritish,Pritish02150274,29,750
Bhushan Udar,bhushan_udar,36,164
anuj Verma,anujverma81,0,31
Pawan Nareri,NareriPawan,1,7
MP,MP_Speak,37,184
Rajendramane,Rajendr63499880,1,48
Lakshmi Kaul,KaulLakshmi,2217,1891
Sandeep Singh,Sandeep93574993,18,259
sameer Dhanawade,sameertmumbai92,3,22
karthikrishnan,karthikrvkk,31,594
Mahendra Kumbhar,MahendraKumbh10,38,1008
Sharath Chandra,Sharuborker,9,25
GIRIDHAR,GiridharBv9,24,384
anurag chaturvedi,anuragc32252585,4,120
Shashank Patwa,ShashankPatwa26,69,176
Shashank Patwa,ShashankPatwa26,69,176
Suresh J Naidu,jaysureshnaidu,174,454
Avdhoot,Avdhoot_Sant,0,88
Suraj Kumar Bairwa,SurajKumarBai11,5,165
Vande Bharati,Vandebharathi,674,2298
paritosh mondal,paritosh9851,4,321
Himanshu Goyal,Himansh43095100,15,149
Alok Pandey,aloxhere,64,210
Deepak Kesharwani,Dkesharwani,14,53
MM Kannan,MMKannan31,0,53
Parag Panse,panse_parag,1,45
刘向黎 Liu Xiangli ( Mr. ),c9jVOh4DIg4K6c9,275,2086
Shankar Tara Entertainment,ShankarTaraEnt2,32,319
कुँवर घनश्यामसिंह राघव,kunwargsraghav,30,162
Narasimha Rao Ingilela,RaoIngilela,1,188
Vishwajeet Kumar Singh,Vishwaj80033077,251,4994
UDHAYAKUMAR.R,UDHAYAKUMARR90,944,3880
vikaskumar,vikasror,34,552
Amol Ashok Gorde,gorde_amol,384,4961
K.Ganesh,ganeshk03,6414,548
Atin Moulick,AKMOULICK,6,52
KNVRL Sarma,sarma_knvrl,5,27
VIRENDRA SINGH SISODIA,VIRENDRA_SHOBHA,611,4990
Saurabh Kumar,Saurabh98650793,27,694
Ramakant Dwivedi,RamakantDW,17,84
Shivendra Pratap,Shivend22386646,4,73
Rajeev Rellan,rajeev_rellan,10,3
Swas & IT,SwasGroup,52,203
Manish Bakshi,ManishBakshi24,2,68
ASLAM KHAN      *A.K.ASSOCIATES INDIA*,AKAINDIA1,26,164
Viraj,viraj_,90,1514
yogesh kumar,yogesh_164,7,371
DINESH WAGH,DINESHW52007905,2,25
Pleasure Ellis,PleasureEllis,1682207,435314
Amitabh Chandra,amitabhchandra,24,107
Anand Pillay,AnandPillay18,3,168
manivannan,manivan43696433,84,189
Baristaonbike,baristaonbike,17,144
Shilash Bharne,BharneShilash,0,72
E S Niranjanakumar,SNiranjanakumar,79,924
Vinayak Shinde,Vinayak_bs,230,455
Shantanu Kumar,shanrai1404,53,239
Hemraj Tewatia,Hemrajtewatia1,147,503
Yasheshwar Prajapati,YasheshwarP,58,152
Shah Saudaagar,saudaagar,24,27
Chandrashekhar M.,Chandra56647815,4,12
vijayap,vijayapavitra,66,476
Akshay Vora,akshaysvora,185,294
Mukesh,Muka428073,826,3852
Sunil venkatesh,Venkateshsunil6,67,886
rajendraveluvali,veluvaliraj,64,923
Cheriyan K M,Cheriyankm,35,478
Vaibhav Ghumare,vaibhav_ghumare,30,393
Ck,knitexbdltd,389,1801
Suresh D Nair,sureshn123,225,166
Sathish,sathish24041990,17,206
Saddam shaikh,Saddams73142509,1,66
Nikhil Gawde,NikhilGawde3,0,5
Felix Medina,VediaGlobal,91,1215
Suresh Pilaniya,skpilaniiya,35174,32897
Mukesh shri😘😘😘,Mukeshshri3,24,526
Narendra Singh Jhala,NarendraSjhala,189,960
"Rim Country Tractor, LLC",RCT_LLC,6,40
अंकुर शर्मा वशिष्ठ,Ankuraarav2013,4,113
*Girish,Girishdisawal,216,436
Rakesh Arora,RakeshA37752961,45,548
विनोद दास,m0ceRVAk9kwWua9,62,229
Josué Osorno,osornojosu,45,467
Punma Ram Arya krantikari,AryaPunma,124,1412
Soumyadeep Kuila,SoumyadeepKuil1,7,445
Shekhawatpravinsingh,Shekhawatpravs,49,109
Deepanshu Mewati,DeepanshuMewati,7,60
harjithgururaj,harjithguru,90,220
Indroneil,the_indroneil,429,681
Sendhil,Sendhil65432389,18,849
PRAVEEN CG,PRAVGOWDA,83,426
Chandradeep Singh,chandradeep_cs,5,47
Lokesh Yadhav,loki486,69,630
Karthik raja,RajiramRaja,9,180
दै. झुंजार सेनापती,zunjarlive,57,1100
DIVYANG R PRADHAN,divyangpradhan,222,5001
Ravin Desai,ravin1sky,1883,2693
Bhavadharan,bhavadharan7,34,827
Abdullah S Khan 🇮🇳,ASK1981,75,1627
V.Govardhan Reddy,Go_VardhanReddy,192,4693
Nikhil Asnani,NikhilAsnani,185,2797
chinmay Bhalerao,chinmayBhaler11,3,63
Harsha R,HarshaR45,8,4
Share Manthan,sharemanthan,144,69
Surendra Dhote,DhoteSurendra,1372,4773
Banti Dad Kushwaha,DadKushwaha,292,2244
Sasikumar/சசிகுமார்,trsasikumar,72,4994
Bharat Gharia,BharatGharia,8,133
ARUN PRASAD HARIHARAN,HArunPrasad81,1,11
Mandar Dixit,dixitmp,99,284
gurudatta,GuruBodake,1,31
Megha Asha Bhargava,meghabhargava,92,1081
Manjunath Nelli,mknelli21,28,294
pratik vasani,pratik1605,83,291
Ashish Thakkar,Aashish_HR,4,180
AutoKartz Automobile,autokartz,63,271
Sachin Gurwe,SachinGurwe,434,3546
Ravi Dasar,RaviDasar,46,868
sandip tambe,sandiptambe17,0,25
Abhay Dixit,AbhayDi75704657,1,12
Sandeep Mahale,SandeepMahale01,5,72
Shailesh Vaidya,shailesh292601,19,161
Sandra Choi,selectdetroit,61,141
Manish Vanpariya,manish09ec366,5,209
Pradip Singh,pradipsingh1987,9,100
Binaifer Jehani,JehaniBinaifer,131,237
Abdulla Al Hamli,AbdullaHamli,155,899
Vikash Singh,VikashS73941541,248,3158
SONU YADUVANSHI,SONUYAD18964312,2,171
Suhas Borate,SBorate1,17,191
Jaisimha Rao,jsrsimha,80,355
Ritesh Gupta,guptaritesh197,26,139
Rajesh Pandey,rajeshpandeyRP,146,458
Kiran rakhe,rtnrakhe,3,7
Harish Chavan,HarishChavan19,4,12
Jayant Mhatre,JayantMhatre83,6,27
Rajeev Shrivastava,RajeevS46874220,6,43
Sawan,Sawan762090151,18,316
Subandhu Arya,subandhuarya,33,77
Sudhanshu Kulshresth,sudhanshuk07,18,186
Navneet Chaudhari,Nacneet01,13,40
Vivek agrawal,Vivek061073,1,64
Hendrik Decramer,DecramerH,56,74
Bharat Kalled,BharatKalled,5,66
Vipin Sonje,vipinsonje,9,26
Clament John,goForCJ,47,355
achyut mishra,achyutmishra,123,137
Mansuri Aadil,mansuriaadil450,26,562
KAUSHAL KUMAR AMAR,KAUSHALKUMARAM2,14,336
Santosh Jaiswal,santosh99023579,25,192
MURALIDHARAN D,MURALIDHARAND8,10,135
Nicky,LAMMA_Nicky,724,1604
NIMMALAPUDI,nsathiraju,3,73
Anurag Vijay,dashinganurag83,232,404
Gurmeet Singh Dang,GurmeetDang,3,51
Shay Klusmeyer,ShayKlusmeyer,57,194
Aniket Jain,autoinfo_aniket,31,117
Abhay rathi,11abhayrathi,19,47
Niraj Singh,Fr_Niraj,215,432
VAIBHAV V. KOLAPKAR,kolapkarvaibhav,7,26
Hemant M Patil,HemantMPatil5,2,42
Nikhil Baijal,baijal2011,73,252
Jayant Jayaram,jayant_jayaram,3,20
mery anky,meryanky,236,1257
Amit Bhatnagar,AmitBha18220364,1,31
Sami Seppala,seppala_sami,5,28
Sanjana sanju,Sanjanasanju143,89,393
IFEGHY_MAHINDRA,ifeghy,3,63
ram,ramjeevan2011,16,151
Shashank Vashishtha,DMishy,313,1220
Akanksha Jain,Akanksh56106198,0,8
Mahendra Agarwal,Mahenag030782,74,512
Sandeep Chaudhary,Sandeep42812195,0,29
Bhera Dass,BheraDass,454,2906
Innovation Wire,innovation_wire,123,465
OJASWI ENTERPRISES,Ojaswienterpris,400,4981
neminath chougule,neminathchougul,6,300
kk,kkonnet,72,565
Satish Kumar,skrz2014,66,2385
Maxamed Cabdilahi,Maxamed61833434,50,1138
Daivesh Ghedia,Daivesh_G,44,1055
Ateeq,DumpyAteeq,167,3090
Eric Mougin,eric_mougin,1,15
RAJNI CHANDAN,R_Rajnichandan,24,454
Anant Umesh Doke,DokeAnant,10,362
Prakash Chand,Prakash95562823,707,4933
RAMAKANT NAVGHARE,ramakant1527,19,693
Vanjaresameer,Vanjaresameer1,3,57
Kauntey Kudtarkar,kaunteyk,133,1486
Pragna,prags810,12,95
Ravikiran shinde,Ravikiranshin13,110,757
Anupam Tiwari,Anupam08Tiwari,19,271
Surabhi Deshmukh,DSurabhi247,21,161
Arindom Das,ArindomDas13,29,60
Swap,nirvanaa_peace,91,263
Ramchandra Ranwa,RamchandraRanw3,0,4
#free kashmir,nazarulmir,271,575
Sandeep Virk,virksandeep,543,747
Ketan Dobariya,ketanmd,11,118
Projwal Kumar David,ProjwalzSpark,48,115
Karan Kabra,iima_karan,52,158
Y&G Group Companies,YandGTech,264,1054
Rushi Bardapurkar,rishi_9919,12,160
Chandra Sekhar Yarla,Sekharychandra,2,19
Rasesh Joshi,RaseshJoshi1,5,31
MANOJ K JHA aka MANU,manojgjha,875,3110
Arun Mishra,ArunMis35207164,1,8
Nafis khan,gulkhannnl,9,152
Joseph Philip,JosephP23226145,1,10
Ghanshyam dhankhara,dhankhara101,336,1352
Agricom Africa,AgricomAfrica,94,268
RishabhRatna Agrawal,p11rishabhr,27,335
Dr. Ajit Kumar Kar,ajitkar5,313,108
Rajeev Dhiman,rajeevdhiman22,0,39
Vigneshwaran,Aadhi_Tamizhan,21,964
